中	zhōng	ㄓㄨㄥ
華	huá	ㄏㄨㄚˊ
廣	guǎng	ㄍㄨㄤˇ
大	dà	ㄉㄚˋ
失	shī	ㄕ
迷	mí	ㄇㄧˊ
統	tǒng	ㄊㄨㄥˇ
帥	shuài	ㄕㄨㄞˋ
七	qī	ㄑㄧ
雄	xióng	ㄒㄩㄥˊ
五	wǔ	ㄨˇ
霸	bà	ㄅㄚˋ
先	xiān	ㄒㄧㄢ
前	qián	ㄑㄧㄢˊ
打	dǎ	ㄉㄚˇ
仗	zhàng	ㄓㄤˋ
歐	ōu	ㄡ
流	liú	ㄌㄧㄡˊ
美	měi	ㄇㄟˇ
派	pài	ㄆㄞˋ
今	jīn	ㄐㄧㄣ
時	shí	ㄕˊ
搗	dǎo	ㄉㄠˇ
亂	luàn	ㄌㄨㄢˋ
軍	jūn	ㄐㄩㄣ
閥	fá	ㄈㄚˊ
領	lǐng	ㄌㄧㄥˇ
袖	xiù	ㄒㄧㄡˋ
吞	tūn	ㄊㄨㄣ
雲	yún	ㄩㄣˊ
吐	tǔ	ㄊㄨˇ
霧	wù	ㄨˋ
脫	tuō	ㄊㄨㄛ
離	lí	ㄌㄧˊ
法	fǎ	ㄈㄚˇ
律	lǜ	ㄌㄩˋ
喝	hē	ㄏㄜ
嫖	piáo	ㄆㄧㄠˊ
賭	dǔ	ㄉㄨˇ
戲	xì	ㄒㄧˋ
朱	zhū	ㄓㄨ
門	mén	ㄇㄣˊ
酒	jiǔ	ㄐㄧㄡˇ
肉	ròu	ㄖㄡˋ
荒	huāng	ㄏㄨㄤ
唐	táng	ㄊㄤˊ
享	xiǎng	ㄒㄧㄤˇ
樂	lè	ㄌㄜˋ
雞	jī	ㄐㄧ
鳴	míng	ㄇㄧㄥˊ
狗	gǒu	ㄍㄡˇ
盜	dào	ㄉㄠˋ
司	sī	ㄙ
辰	chén	ㄔㄣˊ
守	shǒu	ㄕㄡˇ
刻	kè	ㄎㄜˋ
勾	gōu	ㄍㄡ
結	jié	ㄐㄧㄝˊ
匪	fěi	ㄈㄟˇ
輩	bèi	ㄅㄟˋ
爭	zhēng	ㄓㄥ
權	quán	ㄑㄩㄢˊ
搶	qiǎng	ㄑㄧㄤˇ
利	lì	ㄌㄧˋ
心	xīn	ㄒㄧㄣ
蛇	shé	ㄕㄜˊ
口	kǒu	ㄎㄡˇ
蜜	mì	ㄇㄧˋ
紛	fēn	ㄈㄣ
繁	fán	ㄈㄢˊ
詭	guǐ	ㄍㄨㄟˇ
計	jì	ㄐㄧˋ
屈	qū	ㄑㄩ
從	cóng	ㄘㄨㄥˊ
老	lǎo	ㄌㄠˇ
例	lì	ㄌㄧˋ
終	zhōng	ㄓㄨㄥ
於	yú	ㄩˊ
引	yǐn	ㄧㄣˇ
禍	huò	ㄏㄨㄛˋ
三	sān	ㄙㄢ
民	mín	ㄇㄧㄣˊ
主	zhǔ	ㄓㄨˇ
義	yì	ㄧˋ
歪	wāi	ㄨㄞ
斜	xié	ㄒㄧㄝˊ
解	jiě	ㄐㄧㄝˇ
釋	shì	ㄕˋ
邀	yāo	ㄧㄠ
敵	dí	ㄉㄧˊ
屢	lǚ	ㄌㄩˇ
敗	bài	ㄅㄞˋ
燒	shāo	ㄕㄠ
城	chéng	ㄔㄥˊ
毀	huǐ	ㄏㄨㄟˇ
鎮	zhèn	ㄓㄣˋ
肝	gān	ㄍㄢ
糜	mí	ㄇㄧˊ
腦	nǎo	ㄋㄠˇ
爛	làn	ㄌㄢˋ
邦	bāng	ㄅㄤ
亡	wáng	ㄨㄤˊ
種	zhǒng	ㄓㄨㄥˇ
滅	miè	ㄇㄧㄝˋ
風	fēng	ㄈㄥ
強	qiáng	ㄑㄧㄤˊ
雨	yǔ	ㄩˇ
暴	bào	ㄅㄠˋ
霜	shuāng	ㄕㄨㄤ
嚴	yán	ㄧㄢˊ
雪	xuě	ㄒㄩㄝˇ
重	zhòng	ㄓㄨㄥˋ
憂	yōu	ㄧㄡ
國	guó	ㄍㄨㄛˊ
偉	wěi	ㄨㄟˇ
志	zhì	ㄓˋ
出	chū	ㄔㄨ
言	yán	ㄧㄢˊ
惹	rě	ㄖㄜˇ
罵	mà	ㄇㄚˋ
他	tā	ㄊㄚ
來	lái	ㄌㄞˊ
你	nǐ	ㄋㄧˇ
附	fù	ㄈㄨˋ
庸	yōng	ㄩㄥ
人	rén	ㄖㄣˊ
擾	rǎo	ㄖㄠˇ
事	shì	ㄕˋ
吹	chuī	ㄔㄨㄟ
牛	niú	ㄋㄧㄡˊ
馬	mǎ	ㄇㄚˇ
屁	pì	ㄆㄧˋ
生	shēng	ㄕㄥ
活	huó	ㄏㄨㄛˊ
手	shǒu	ㄕㄡˇ
段	duàn	ㄉㄨㄢˋ
偵	zhēn	ㄓㄣ
諜	dié	ㄉㄧㄝˊ
舉 	jǔ	ㄐㄩˇ
動	dòng	ㄉㄨㄥˋ
包	bāo	ㄅㄠ
含	hán	ㄏㄢˊ
掩	yǎn	ㄧㄢˇ
飾	shì	ㄕˋ
雌	cī	ㄘ
黃	huáng	ㄏㄨㄤˊ
嘴	zuǐ	ㄗㄨㄟˇ
碎	suì	ㄙㄨㄟˋ
丁	dīng	ㄉㄧㄥ
寧	níng	ㄋㄧㄥˊ
拐	guǎi	ㄍㄨㄞˇ
誘	yòu	ㄧㄡˋ
推	tuī	ㄊㄨㄟ
及	jí	ㄐㄧˊ
典	diǎn	ㄉㄧㄢˇ
故	gù	ㄍㄨˋ
摸	mō	ㄇㄛ
魚	yú	ㄩˊ
索	suǒ	ㄙㄨㄛˇ
雁	yàn	ㄧㄢˋ
修	xiū	ㄒㄧㄡ
辭	cí	ㄘˊ
晃	huǎng	ㄏㄨㄤˇ
幻	huàn	ㄏㄨㄢˋ
商	shāng	ㄕㄤ
量	liáng	ㄌㄧㄤˊ
趕	gǎn	ㄍㄢˇ
做	zuò	ㄗㄨㄛˋ
操	cāo	ㄘㄠ
持	chí	ㄔˊ
鞏	gǒng	ㄍㄨㄥˇ
固	gù	ㄍㄨˋ
堅	jiān	ㄐㄧㄢ
决	jué	ㄐㄩㄝˊ
反	fǎn	ㄈㄢˇ
對	duì	ㄉㄨㄟˋ
擱	gē	ㄍㄜ
局	jú	ㄐㄩˊ
耍	shuǎ	ㄕㄨㄚˇ
弄	nòng	ㄋㄨㄥˋ
接	jiē	ㄐㄧㄝ
連	lián	ㄌㄧㄢˊ
攪	jiǎo	ㄐㄧㄠˇ
混	hùn	ㄏㄨㄣˋ
機	jī	ㄐㄧ
靈	líng	ㄌㄧㄥˊ
敏	mǐn	ㄇㄧㄣˇ
速	sù	ㄙㄨˋ
倉	cāng	ㄘㄤ
皇	huáng	ㄏㄨㄤˊ
鼠	shǔ	ㄕㄨˇ
竄	cuàn	ㄘㄨㄢˋ
搜	sōu	ㄙㄡ
集	jí	ㄐㄧˊ
捕	bǔ	ㄅㄨˇ
獲	huò	ㄏㄨㄛˋ
根	gēn	ㄍㄣ
源	yuán	ㄩㄢˊ
審	shěn	ㄕㄣˇ
問	wèn	ㄨㄣˋ
汪	wāng	ㄨㄤ
洋	yáng	ㄧㄤˊ
眼	yǎn	ㄧㄢˇ
淚	lèi	ㄌㄟˋ
哭	kū	ㄎㄨ
啼	tí	ㄊㄧˊ
喊	hǎn	ㄏㄢˇ
叫	jiào	ㄐㄧㄠˋ
爹	diē	ㄉㄧㄝ
娘	niáng	ㄋㄧㄤˊ
囑	zhǔ	ㄓㄨˇ
咐	fù	ㄈㄨˋ
思	sī	ㄙ
惟	wéi	ㄨㄟˊ
揣	chuǎi	ㄔㄨㄞˇ
測	cè	ㄘㄜˋ
恩	ēn	ㄣ
仇	chóu	ㄔㄡˊ
彼	bǐ	ㄅㄧˇ
岸	àn	ㄢˋ
恭	gōng	ㄍㄨㄥ
維	wéi	ㄨㄟˊ
捧	pěng	ㄆㄥˇ
誦	sòng	ㄙㄨㄥˋ
兇	xiōng	ㄒㄩㄥ
徒	tú	ㄊㄨˊ
醒	xǐng	ㄒㄧㄥˇ
悟	wù	ㄨˋ
眞	zhēn	ㄓㄣ
格	gé	ㄍㄜˊ
許	xǔ	ㄒㄩˇ
願	yuàn	ㄩㄢˋ
依	yī	ㄧ
條	tiáo	ㄊㄧㄠˊ
理	lǐ	ㄌㄧˇ
論	lùn	ㄌㄨㄣˋ
安	ān	ㄢ
全	quán	ㄑㄩㄢˊ
保	bǎo	ㄅㄠˇ
障	zhàng	ㄓㄤˋ
溫	wēn	ㄨㄣ
涼	liáng	ㄌㄧㄤˊ
冷	lěng	ㄌㄥˇ
熱	rè	ㄖㄜˋ
饑	jī	ㄐㄧ
寒	hán	ㄏㄢˊ
苦	kǔ	ㄎㄨˇ
況	kuàng	ㄎㄨㄤˋ
吃	chī	ㄔ
食	shí	ㄕˊ
飲	yǐn	ㄧㄣˇ
料	liào	ㄌㄧㄠˋ
分	fēn	ㄈㄣ
朋	péng	ㄆㄥˊ
與	yǔ	ㄩˇ
共	gòng	ㄍㄨㄥˋ
歡	huān	ㄏㄨㄢ
迎	yíng	ㄧㄥˊ
掃	sǎo	ㄙㄠˇ
榻	tà	ㄊㄚˋ
周	zhōu	ㄓㄡ
旋	xuán	ㄒㄩㄢˊ
懇	kěn	ㄎㄣˇ
切	qiè	ㄑㄧㄝˋ
鴨	yā	ㄧㄚ
絨	róng	ㄖㄨㄥˊ
暖	nuǎn	ㄋㄨㄢˇ
被	bèi	ㄅㄟˋ
舒	shū	ㄕㄨ
眉	méi	ㄇㄟˊ
爽	shuǎng	ㄕㄨㄤˇ
快	kuài	ㄎㄨㄞˋ
梳	shū	ㄕㄨ
頭	tóu	ㄊㄡˊ
洗	xǐ	ㄒㄧˇ
涮	shuàn	ㄕㄨㄢˋ
歸	guī	ㄍㄨㄟ
齊	qí	ㄑㄧˊ
整	zhěng	ㄓㄥˇ
頓	dùn	ㄉㄨㄣˋ
公	gōng	ㄍㄨㄥ
平	píng	ㄆㄧㄥˊ
謹	jǐn	ㄐㄧㄣˇ
慎	shèn	ㄕㄣˋ
精	jīng	ㄐㄧㄥ
勤	qín	ㄑㄧㄣˊ
努	nǔ	ㄋㄨˇ
力	lì	ㄌㄧˋ
尊	zūn	ㄗㄨㄣ
崇	chóng	ㄔㄨㄥˊ
古	gǔ	ㄍㄨˇ
聖	shèng	ㄕㄥˋ
知	zhī	ㄓ
德	dé	ㄉㄜˊ
改	gǎi	ㄍㄞˇ
錯	cuò	ㄘㄨㄛˋ
初	chū	ㄔㄨ
學	xué	ㄒㄩㄝˊ
孔	kǒng	ㄎㄨㄥˇ
孟	mèng	ㄇㄥˋ
經	jīng	ㄐㄧㄥ
籍	jí	ㄐㄧˊ
史	shǐ	ㄕˇ
部	bù	ㄅㄨˋ
詩	shī	ㄕ
詞	cí	ㄘˊ
禮	lǐ	ㄌㄧˇ
記	jì	ㄐㄧˋ
通	tōng	ㄊㄨㄥ
達	dá	ㄉㄚˊ
體	tǐ	ㄊㄧˇ
要	yào	ㄧㄠˋ
昇	shēng	ㄕㄥ
級	jí	ㄐㄧˊ
考	kǎo	ㄎㄠˇ
試	shì	ㄕˋ
章	zhāng	ㄓㄤ
程	chéng	ㄔㄥˊ
討	tǎo	ㄊㄠˇ
厭	yàn	ㄧㄢˋ
清	qīng	ㄑㄧㄥ
晨	chén	ㄔㄣˊ
晚	wǎn	ㄨㄢˇ
上	shàng	ㄕㄤˋ
耕	gēng	ㄍㄥ
讀	dú	ㄉㄨˊ
勉	miǎn	ㄇㄧㄢˇ
勵	lì	ㄌㄧˋ
親	qīn	ㄑㄧㄣ
仁	rén	ㄖㄣˊ
講	jiǎng	ㄐㄧㄤˇ
道	dào	ㄉㄠˋ
深	shēn	ㄕㄣ
覺	jué	ㄐㄩㄝˊ
把	bǎ	ㄅㄚˇ
握	wò	ㄨㄛˋ
資	zī	ㄗ
質	zhí	ㄓˊ
魯	lǔ	ㄌㄨˇ
俊	jùn	ㄐㄩㄣˋ
均	jūn	ㄐㄩㄣ
宜	yí	ㄧˊ
忍	rěn	ㄖㄣˇ
耐	nài	ㄋㄞˋ
超	chāo	ㄔㄠ
群	qún	ㄑㄩㄣˊ
頂	dǐng	ㄉㄧㄥˇ
戴	dài	ㄉㄞˋ
寬	kuān	ㄎㄨㄢ
懷	huái	ㄏㄨㄞˊ
滿	mǎn	ㄇㄢˇ
腹	fù	ㄈㄨˋ
官	guān	ㄍㄨㄢ
僚	liáo	ㄌㄧㄠˊ
腐	fǔ	ㄈㄨˇ
臭	chòu	ㄔㄡˋ
兼	jiān	ㄐㄧㄢ
職	zhí	ㄓˊ
輔	fǔ	ㄈㄨˇ
助	zhù	ㄓㄨˋ
驅	qū	ㄑㄩ
逐	zhú	ㄓㄨˊ
撫	fǔ	ㄈㄨˇ
憲	xiàn	ㄒㄧㄢˋ
英	yīng	ㄧㄥ
賢	xián	ㄒㄧㄢˊ
佐	zuǒ	ㄗㄨㄛˇ
運	yùn	ㄩㄣˋ
兵	bīng	ㄅㄧㄥ
營	yíng	ㄧㄥˊ
餉	xiǎng	ㄒㄧㄤˇ
項	xiàng	ㄒㄧㄤˋ
聽	tīng	ㄊㄧㄥ
聞	wén	ㄨㄣˊ
底	dǐ	ㄉㄧˇ
細	xì	ㄒㄧˋ
租	zū	ㄗㄨ
粮	liáng	ㄌㄧㄤˊ
緩	huǎn	ㄏㄨㄢˇ
慢	màn	ㄇㄢˋ
開	kāi	ㄎㄞ
陳	chén	ㄔㄣˊ
簡	jiǎn	ㄐㄧㄢˇ
略	lüè	ㄌㄩㄝˋ
莊	zhuāng	ㄓㄨㄤ
奴	nú	ㄋㄨˊ
渴	kě	ㄎㄜˇ
餓	è	ㄜˋ
哀	āi	ㄞ
憐	lián	ㄌㄧㄢˊ
慘	cǎn	ㄘㄢˇ
狀	zhuàng	ㄓㄨㄤˋ
督	dū	ㄉㄨ
同	tóng	ㄊㄨㄥˊ
膀	bǎng	ㄅㄤˇ
臂	bèi	ㄅㄟˋ
斟	zhēn	ㄓㄣ
酌	zhuó	ㄓㄨㄛˊ
擬	nǐ	ㄋㄧˇ
議	yì	ㄧˋ
抽	chōu	ㄔㄡ
拔	bá	ㄅㄚˊ
董	dǒng	ㄉㄨㄥˇ
士	shì	ㄕˋ
追	zhuī	ㄓㄨㄟ
尋	xún	ㄒㄩㄣˊ
剖	pǒu	ㄆㄡˇ
視	shì	ㄕˋ
究	jiū	ㄐㄧㄡ
其	qí	ㄑㄧˊ
本	běn	ㄅㄣˇ
末	mò	ㄇㄛˋ
帮	bāng	ㄅㄤ
忙	máng	ㄇㄤˊ
補	bǔ	ㄅㄨˇ
救	jiù	ㄐㄧㄡˋ
忠	zhōng	ㄓㄨㄥ
誠	chéng	ㄔㄥˊ
篤	dǔ	ㄉㄨˇ
信	xìn	ㄒㄧㄣˋ
堪	kān	ㄎㄢ
爲	wéi	ㄨㄟˊ
表	biǎo	ㄅㄧㄠˇ
率	shuài	ㄕㄨㄞˋ
凄	qī	ㄑㄧ
寥	liáo	ㄌㄧㄠˊ
景	jǐng	ㄐㄧㄥˇ
象	xiàng	ㄒㄧㄤˋ
托	tuō	ㄊㄨㄛ
福	fú	ㄈㄨˊ
且	qiě	ㄑㄧㄝˇ
過	guò	ㄍㄨㄛˋ
割	gē	ㄍㄜ
柴	chái	ㄔㄞˊ
砍	kǎn	ㄎㄢˇ
樹	shù	ㄕㄨˋ
挖	wā	ㄨㄚ
煤	méi	ㄇㄟˊ
採	cǎi	ㄘㄞˇ
炭	tàn	ㄊㄢˋ
織	zhī	ㄓ
綢	chóu	ㄔㄡˊ
紡	fǎng	ㄈㄤˇ
線	xiàn	ㄒㄧㄢˋ
增	zēng	ㄗㄥ
殖	zhí	ㄓˊ
產	chǎn	ㄔㄢˇ
業	yè	ㄧㄝˋ
森	sēn	ㄙㄣ
林	lín	ㄌㄧㄣˊ
野	yě	ㄧㄝˇ
地	dì	ㄉㄧˋ
烟	yān	ㄧㄢ
苗	miáo	ㄇㄧㄠˊ
斗	dǒu	ㄉㄡˇ
秤	chèng	ㄔㄥˋ
山	shān	ㄕㄢ
河	hé	ㄏㄜˊ
草	cǎo	ㄘㄠˇ
木	mù	ㄇㄨˋ
青	qīng	ㄑㄧㄥ
紅	hóng	ㄏㄨㄥˊ
紫	zǐ	ㄗˇ
綠	lǜ	ㄌㄩˋ
齋	zhāi	ㄓㄞ
壇	tán	ㄊㄢˊ
皿	mǐn	ㄇㄧㄣˇ
器	qì	ㄑㄧˋ
香	xiāng	ㄒㄧㄤ
燭	zhú	ㄓㄨˊ
鼎	dǐng	ㄉㄧㄥˇ
盛	shèng	ㄕㄥˋ
金	jīn	ㄐㄧㄣ
銀	yín	ㄧㄣˊ
寶	bǎo	ㄅㄠˇ
物	wù	ㄨˋ
光	guāng	ㄍㄨㄤ
榮	róng	ㄖㄨㄥˊ
閃	shǎn	ㄕㄢˇ
耀	yào	ㄧㄠˋ
桌	zhuō	ㄓㄨㄛ
牀	chuáng	ㄔㄨㄤˊ
椅	yǐ	ㄧˇ
櫈	dèng	ㄉㄥˋ
優	yōu	ㄧㄡ
良	liáng	ㄌㄧㄤˊ
巧	qiǎo	ㄑㄧㄠˇ
妙	miào	ㄇㄧㄠˋ
鍋	guō	ㄍㄨㄛ
杓	sháo	ㄕㄠˊ
碗	wǎn	ㄨㄢˇ
筷	kuài	ㄎㄨㄞˋ
玻	bō	ㄅㄛ
璃	lí	ㄌㄧˊ
鐵	tiě	ㄊㄧㄝˇ
製	zhì	ㄓˋ
春	chūn	ㄔㄨㄣ
植	zhí	ㄓˊ
黍	shǔ	ㄕㄨˇ
稻	dào	ㄉㄠˋ
秋	qiū	ㄑㄧㄡ
得	dé	ㄉㄜˊ
米	mǐ	ㄇㄧˇ
麵	miàn	ㄇㄧㄢˋ
冬	dōng	ㄉㄨㄥ
藏	cáng	ㄘㄤˊ
等	děng	ㄉㄥˇ
夏	xià	ㄒㄧㄚˋ
豐	fēng	ㄈㄥ
年	nián	ㄋㄧㄢˊ
穀	gǔ	ㄍㄨˇ
旦	dàn	ㄉㄢˋ
番	fān	ㄈㄢ
茄	qié	ㄑㄧㄝˊ
薯	shǔ	ㄕㄨˇ
蒜	suàn	ㄙㄨㄢˋ
黑	hēi	ㄏㄟ
白	bái	ㄅㄞˊ
小	xiǎo	ㄒㄧㄠˇ
豆	dòu	ㄉㄡˋ
瓜	guā	ㄍㄨㄚ
桃	táo	ㄊㄠˊ
李	lǐ	ㄌㄧˇ
杏	xìng	ㄒㄧㄥˋ
酸	suān	ㄙㄨㄢ
梅	méi	ㄇㄟˊ
果	guǒ	ㄍㄨㄛˇ
醬	jiàng	ㄐㄧㄤˋ
栽	zāi	ㄗㄞ
培	péi	ㄆㄟˊ
柳	liǔ	ㄌㄧㄡˇ
絮	xù	ㄒㄩˋ
桑	sāng	ㄙㄤ
田	tián	ㄊㄧㄢˊ
海	hǎi	ㄏㄞˇ
變	biàn	ㄅㄧㄢˋ
花	huā	ㄏㄨㄚ
無	wú	ㄨˊ
百	bǎi	ㄅㄞˇ
日	rì	ㄖˋ
須	xū	ㄒㄩ
成	chéng	ㄔㄥˊ
寵	chǒng	ㄔㄨㄥˇ
惠	huì	ㄏㄨㄟˋ
蘇	sū	ㄙㄨ
杭	háng	ㄏㄤˊ
好	hǎo	ㄏㄠˇ
看	kàn	ㄎㄢˋ
天	tiān	ㄊㄧㄢ
堂	táng	ㄊㄤˊ
比	bǐ	ㄅㄧˇ
喻	yù	ㄩˋ
西	xī	ㄒㄧ
湖	hú	ㄏㄨˊ
返	fǎn	ㄈㄢˇ
照	zhào	ㄓㄠˋ
登	dēng	ㄉㄥ
樓	lóu	ㄌㄡˊ
仰	yǎng	ㄧㄤˇ
望	wàng	ㄨㄤˋ
江	jiāng	ㄐㄧㄤ
南	nán	ㄋㄢˊ
訪	fǎng	ㄈㄤˇ
盡	jìn	ㄐㄧㄣˋ
逍	xiāo	ㄒㄧㄠ
遙	yáo	ㄧㄠˊ
北	běi	ㄅㄟˇ
嶽	yuè	ㄩㄝˋ
車	chē	ㄔㄜ
船	chuán	ㄔㄨㄢˊ
艇	tǐng	ㄊㄧㄥˇ
轎	jiào	ㄐㄧㄠˋ
悠	yōu	ㄧㄡ
長	cháng	ㄔㄤˊ
脚	jiǎo	ㄐㄧㄠˇ
步	bù	ㄅㄨˋ
東	dōng	ㄉㄨㄥ
瀛	yíng	ㄧㄥˊ
旅	lǚ	ㄌㄩˇ
店	diàn	ㄉㄧㄢˋ
穿	chuān	ㄔㄨㄢ
鞋	xié	ㄒㄧㄝˊ
免	miǎn	ㄇㄧㄢˇ
進	jìn	ㄐㄧㄣˋ
鋪	pū	ㄆㄨ
蓆	xí	ㄒㄧˊ
躺	tǎng	ㄊㄤˇ
臥	wò	ㄨㄛˋ
鄉	xiāng	ㄒㄧㄤ
愁	chóu	ㄔㄡˊ
怎	zěn	ㄗㄣˇ
奈	nài	ㄋㄞˋ
櫻	yīng	ㄧㄥ
園	yuán	ㄩㄢˊ
子	zǐ	ㄗˇ
弟	dì	ㄉㄧˋ
身	shēn	ㄕㄣ
材	cái	ㄘㄞˊ
短	duǎn	ㄉㄨㄢˇ
瘦	shòu	ㄕㄡˋ
姿	zī	ㄗ
容	róng	ㄖㄨㄥˊ
軟	ruǎn	ㄖㄨㄢˇ
弱	ruò	ㄖㄨㄛˋ
跟	gēn	ㄍㄣ
隨	suí	ㄙㄨㄟˊ
女	nǚ	ㄋㄩˇ
伴	bàn	ㄅㄢˋ
偷	tōu	ㄊㄡ
閒	xián	ㄒㄧㄢˊ
跑	pǎo	ㄆㄠˇ
外	wài	ㄨㄞˋ
貪	tān	ㄊㄢ
玩	wán	ㄨㄢˊ
影	yǐng	ㄧㄥˇ
院	yuàn	ㄩㄢˋ
家	jiā	ㄐㄧㄚ
貧	pín	ㄆㄧㄣˊ
懶	lǎn	ㄌㄢˇ
惰	duò	ㄉㄨㄛˋ
殊	shū	ㄕㄨ
難	nán	ㄋㄢˊ
兩	liǎng	ㄌㄧㄤˇ
便	biàn	ㄅㄧㄢˋ
欺	qī	ㄑㄧ
瞞	mán	ㄇㄢˊ
母	mǔ	ㄇㄨˇ
父	fù	ㄈㄨˋ
私	sī	ㄙ
圖	tú	ㄊㄨˊ
取	qǔ	ㄑㄩˇ
借	jiè	ㄐㄧㄝˋ
撒	sā	ㄙㄚ
完	wán	ㄨㄢˊ
謊	huǎng	ㄏㄨㄤˇ
話	huà	ㄏㄨㄚˋ
單	dān	ㄉㄢ
獨	dú	ㄉㄨˊ
鬼	guǐ	ㄍㄨㄟˇ
逛	guàng	ㄍㄨㄤˋ
瘋	fēng	ㄈㄥ
狂	kuáng	ㄎㄨㄤˊ
吵	chǎo	ㄔㄠˇ
閙	nào	ㄋㄠˋ
呆	dāi	ㄉㄞ
痴	chí	ㄔˊ
蠢	chǔn	ㄔㄨㄣˇ
笨	bèn	ㄅㄣˋ
堆	duī	ㄉㄨㄟ
存	cún	ㄘㄨㄣˊ
土	tǔ	ㄊㄨˇ
貨	huò	ㄏㄨㄛˋ
八	bā	ㄅㄚ
折	zhé	ㄓㄜˊ
九	jiǔ	ㄐㄧㄡˇ
扣	kòu	ㄎㄡˋ
攤	tān	ㄊㄢ
賠	péi	ㄆㄟˊ
款	kuǎn	ㄎㄨㄢˇ
票	piào	ㄆㄧㄠˋ
奸	jiān	ㄐㄧㄢ
猾	huá	ㄏㄨㄚˊ
醜	chǒu	ㄔㄡˇ
陋	lòu	ㄌㄡˋ
夫	fū	ㄈㄨ
吾	wú	ㄨˊ
管	guǎn	ㄍㄨㄢˇ
鮑	bào	ㄅㄠˋ
將	jiāng	ㄐㄧㄤ
何	hé	ㄏㄜˊ
爾	ěr	ㄦˇ
待	dài	ㄉㄞˋ
拆	chāi	ㄔㄞ
息	xí	ㄒㄧˊ
買	mǎi	ㄇㄞˇ
賣	mài	ㄇㄞˋ
積	jī	ㄐㄧ
錢	qián	ㄑㄧㄢˊ
罕	hǎn	ㄏㄢˇ
用	yòng	ㄩㄥˋ
虧	kuī	ㄎㄨㄟ
盈	yíng	ㄧㄥˊ
損	sǔn	ㄙㄨㄣˇ
害	hài	ㄏㄞˋ
虛	xū	ㄒㄩ
情	qíng	ㄑㄧㄥˊ
假	jiǎ	ㄐㄧㄚˇ
意	yì	ㄧˋ
招	zhāo	ㄓㄠ
徠	lái	ㄌㄞˊ
減	jiǎn	ㄐㄧㄢˇ
價	jià	ㄐㄧㄚˋ
發	fā	ㄈㄚ
財	cái	ㄘㄞˊ
幾	jǐ	ㄐㄧˇ
萬	wàn	ㄨㄢˋ
千	qiān	ㄑㄧㄢ
羊	yáng	ㄧㄤˊ
血	xuě	ㄒㄩㄝˇ
汗	hàn	ㄏㄢˋ
一	yī	ㄧ
場	cháng	ㄔㄤˊ
飽	bǎo	ㄅㄠˇ
宴	yàn	ㄧㄢˋ
杯	bēi	ㄅㄟ
葛	gé	ㄍㄜˊ
抵	dǐ	ㄉㄧˇ
制	zhì	ㄓˋ
絲	sī	ㄙ
毫	háo	ㄏㄠˊ
豈	qǐ	ㄑㄧˇ
憾	hàn	ㄏㄢˋ
休	xiū	ㄒㄧㄡ
提	tí	ㄊㄧˊ
阻	zǔ	ㄗㄨˇ
礙	ài	ㄞˋ
雙	shuāng	ㄕㄨㄤ
龍	lóng	ㄌㄨㄥˊ
虎	hǔ	ㄏㄨˇ
翼	yì	ㄧˋ
威	wēi	ㄨㄟ
毒	dú	ㄉㄨˊ
武	wǔ	ㄨˇ
辣	là	ㄌㄚˋ
監	jiān	ㄐㄧㄢ
察	chá	ㄔㄚˊ
緊	jǐn	ㄐㄧㄣˇ
密	mì	ㄇㄧˋ
征	zhēng	ㄓㄥ
服	fú	ㄈㄨˊ
所	suǒ	ㄙㄨㄛˇ
愛	ài	ㄞˋ
焉	yān	ㄧㄢ
能	néng	ㄋㄥˊ
躲	duǒ	ㄉㄨㄛˇ
避	bì	ㄅㄧˋ
蜂	fēng	ㄈㄥ
王	wáng	ㄨㄤˊ
惱	nǎo	ㄋㄠˇ
怒	nù	ㄋㄨˋ
鴉	yā	ㄧㄚ
沒	méi	ㄇㄟˊ
雀	qiǎo	ㄑㄧㄠˇ
靜	jìng	ㄐㄧㄥˋ
丫	yā	ㄧㄚ
鬟	huán	ㄏㄨㄢˊ
館	guǎn	ㄍㄨㄢˇ
役	yì	ㄧˋ
區	qū	ㄑㄩ
別	bié	ㄅㄧㄝˊ
使	shǐ	ㄕˇ
喚	huàn	ㄏㄨㄢˋ
坤	kūn	ㄎㄨㄣ
宅	zhái	ㄓㄞˊ
寢	qǐn	ㄑㄧㄣˇ
室	shì	ㄕˋ
灰	huī	ㄏㄨㄟ
棚	péng	ㄆㄥˊ
隱	yǐn	ㄧㄣˇ
劍	jiàn	ㄐㄧㄢˋ
烏	wū	ㄨ
藍	lán	ㄌㄢˊ
毯	tǎn	ㄊㄢˇ
褥	rù	ㄖㄨˋ
湯	tāng	ㄊㄤ
婆	pó	ㄆㄛˊ
導	dǎo	ㄉㄠˇ
電	diàn	ㄉㄧㄢˋ
星	xīng	ㄒㄧㄥ
明	míng	ㄇㄧㄥˊ
午	wǔ	ㄨˇ
夜	yè	ㄧㄝˋ
耽	dān	ㄉㄢ
延	yán	ㄧㄢˊ
染	rǎn	ㄖㄢˇ
病	bìng	ㄅㄧㄥˋ
胸	xiōng	ㄒㄩㄥ
竹	zhú	ㄓㄨˊ
乃	nǎi	ㄋㄞˇ
算	suàn	ㄙㄨㄢˋ
飛	fēi	ㄈㄟ
簷	yán	ㄧㄢˊ
走	zǒu	ㄗㄡˇ
壁	bì	ㄅㄧˋ
屋	wū	ㄨ
房	fáng	ㄈㄤˊ
鎖	suǒ	ㄙㄨㄛˇ
鑰	yào	ㄧㄠˋ
空	kōng	ㄎㄨㄥ
拳	quán	ㄑㄩㄢˊ
捻	niǎn	ㄋㄧㄢˇ
掉	diào	ㄉㄧㄠˋ
功	gōng	ㄍㄨㄥ
勞	láo	ㄌㄠˊ
顯	xiǎn	ㄒㄧㄢˇ
著	zhù	ㄓㄨˋ
聲	shēng	ㄕㄥ
名	míng	ㄇㄧㄥˊ
遠	yuǎn	ㄩㄢˇ
振	zhèn	ㄓㄣˋ
偏	piān	ㄆㄧㄢ
拿	ná	ㄋㄚˊ
筆	bǐ	ㄅㄧˇ
硯	yàn	ㄧㄢˋ
裝	zhuāng	ㄓㄨㄤ
模	mú	ㄇㄨˊ
寫	xiě	ㄒㄧㄝˇ
字	zì	ㄗˋ
缺	quē	ㄑㄩㄝ
乏	fá	ㄈㄚˊ
養	yǎng	ㄧㄤˇ
氣	qì	ㄑㄧˋ
書	shū	ㄕㄨ
僮	tóng	ㄊㄨㄥˊ
儍	shǎ	ㄕㄚˇ
笑	xiào	ㄒㄧㄠˋ
因	yīn	ㄧㄣ
而	ér	ㄦˊ
轉	zhuǎn	ㄓㄨㄢˇ
換	huàn	ㄏㄨㄢˋ
奔	bēn	ㄅㄣ
馳	chí	ㄔˊ
宇	yǔ	ㄩˇ
宙	zhòu	ㄓㄡˋ
箱	xiāng	ㄒㄧㄤ
匣	xiá	ㄒㄧㄚˊ
伙	huǒ	ㄏㄨㄛˇ
具	jù	ㄐㄩˋ
收	shōu	ㄕㄡ
拾	shí	ㄕˊ
妥	tuǒ	ㄊㄨㄛˇ
善	shàn	ㄕㄢˋ
崑	kūn	ㄎㄨㄣ
崙	lún	ㄌㄨㄣˊ
早	zǎo	ㄗㄠˇ
跨	kuà	ㄎㄨㄚˋ
伊	yī	ㄧ
蘭	lán	ㄌㄢˊ
始	shǐ	ㄕˇ
越	yuè	ㄩㄝˋ
綏	suī	ㄙㄨㄟ
祥	xiáng	ㄒㄧㄤˊ
少	shǎo	ㄕㄠˇ
恙	yàng	ㄧㄤˋ
皆	jiē	ㄐㄧㄝ
由	yóu	ㄧㄡˊ
僥	jiǎo	ㄐㄧㄠˇ
倖	xìng	ㄒㄧㄥˋ
巴	bā	ㄅㄚ
黎	lí	ㄌㄧˊ
舞	wǔ	ㄨˇ
跳	tiào	ㄊㄧㄠˋ
街	jiē	ㄐㄧㄝ
塵	chén	ㄔㄣˊ
跴	cǎi	ㄘㄞˇ
踏	tà	ㄊㄚˋ
翻	fān	ㄈㄢ
騰	téng	ㄊㄥˊ
每	měi	ㄇㄟˇ
客	kè	ㄎㄜˋ
傾	qīng	ㄑㄧㄥ
囊	náng	ㄋㄤˊ
悔	huǐ	ㄏㄨㄟˇ
罪	zuì	ㄗㄨㄟˋ
拖	tuō	ㄊㄨㄛ
泥	ní	ㄋㄧˊ
蠱	gǔ	ㄍㄨˇ
態	tài	ㄊㄞˋ
說	shuō	ㄕㄨㄛ
媒	méi	ㄇㄟˊ
娶	qǔ	ㄑㄩˇ
聘	pìng	ㄆㄧㄥˋ
挑	tiāo	ㄊㄧㄠ
擇	zé	ㄗㄜˊ
品	pǐn	ㄆㄧㄣˇ
貌	mào	ㄇㄠˋ
專	zhuān	ㄓㄨㄢ
函	hán	ㄏㄢˊ
請	qǐng	ㄑㄧㄥˇ
送	sòng	ㄙㄨㄥˋ
姑	gū	ㄍㄨ
姨	yí	ㄧˊ
姐	jiě	ㄐㄧㄝˇ
妹	mèi	ㄇㄟˋ
貞	zhēn	ㄓㄣ
淑	shú	ㄕㄨˊ
煮	zhǔ	ㄓㄨˇ
飯	fàn	ㄈㄢˋ
嬰	yīng	ㄧㄥ
孩	hái	ㄏㄞˊ
喜	xǐ	ㄒㄧˇ
悅	yuè	ㄩㄝˋ
閨	guī	ㄍㄨㄟ
族	zú	ㄗㄨˊ
肯	kěn	ㄎㄣˇ
聚	jù	ㄐㄩˋ
添	tiān	ㄊㄧㄢ
籌	chóu	ㄔㄡˊ
久	jiǔ	ㄐㄧㄡˇ
壽	shòu	ㄕㄡˋ
趨	qū	ㄑㄩ
陪	péi	ㄆㄟˊ
左	zuǒ	ㄗㄨㄛˇ
右	yòu	ㄧㄡˋ
宗	zōng	ㄗㄨㄥ
神	shén	ㄕㄣˊ
祖	zǔ	ㄗㄨˇ
社	shè	ㄕㄜˋ
相	xiāng	ㄒㄧㄤ
隔	gé	ㄍㄜˊ
很	hěn	ㄏㄣˇ
近	jìn	ㄐㄧㄣˋ
膏	gāo	ㄍㄠ
丸	wán	ㄨㄢˊ
粉	fěn	ㄈㄣˇ
藥	yào	ㄧㄠˋ
醫	yī	ㄧ
療	liáo	ㄌㄧㄠˊ
扁	biǎn	ㄅㄧㄢˇ
鵲	què	ㄑㄩㄝˋ
陰	yīn	ㄧㄣ
陽	yáng	ㄧㄤˊ
賞	shǎng	ㄕㄤˇ
去	qù	ㄑㄩˋ
諸	zhū	ㄓㄨ
如	rú	ㄖㄨˊ
此	cǐ	ㄘˇ
類	lèi	ㄌㄟˋ
方	fāng	ㄈㄤ
纔	cái	ㄘㄞˊ
展	zhǎn	ㄓㄢˇ
列	liè	ㄌㄧㄝˋ
規	guī	ㄍㄨㄟ
則	zé	ㄗㄜˊ
榜	bǎng	ㄅㄤˇ
樣	yàng	ㄧㄤˋ
高	gāo	ㄍㄠ
揚	yáng	ㄧㄤˊ
起	qǐ	ㄑㄧˇ
降	jiàng	ㄐㄧㄤˋ
音	yīn	ㄧㄣ
節	jié	ㄐㄧㄝˊ
準	zhǔn	ㄓㄨㄣˇ
確	què	ㄑㄩㄝˋ
斯	sī	ㄙ
文	wén	ㄨㄣˊ
倘	tǎng	ㄊㄤˇ
或	huò	ㄏㄨㄛˋ
仙	xiān	ㄒㄧㄢ
才	cái	ㄘㄞˊ
者	zhě	ㄓㄜˇ
閱	yuè	ㄩㄝˋ
疵	cī	ㄘ
遺	yí	ㄧˊ
偶	ǒu	ㄡˇ
見	jiàn	ㄐㄧㄢˋ
筋	jīn	ㄐㄧㄣ
皮	pí	ㄆㄧˊ
枉	wǎng	ㄨㄤˇ
費	fèi	ㄈㄟˋ
批	pī	ㄆㄧ
評	píng	ㄆㄧㄥˊ
屬	shǔ	ㄕㄨˇ
易	yì	ㄧˋ
央	yāng	ㄧㄤ
求	qiú	ㄑㄧㄡˊ
友	yǒu	ㄧㄡˇ
諒	liàng	ㄌㄧㄤˋ
雖	suī	ㄙㄨㄟ
還	hái	ㄏㄞˊ
有	yǒu	ㄧㄡˇ
漏	lòu	ㄌㄡˋ
篇	piān	ㄆㄧㄢ
幅	fú	ㄈㄨˊ
已	yǐ	ㄧˇ
限	xiàn	ㄒㄧㄢˋ
村	cūn	ㄘㄨㄣ
俗	sú	ㄙㄨˊ
淺	qiǎn	ㄑㄧㄢˇ
識	shì	ㄕˋ
枯	kū	ㄎㄨ
腸	cháng	ㄔㄤˊ
可	kě	ㄎㄜˇ
嘆	tàn	ㄊㄢˋ
刊	kān	ㄎㄢ
行	xíng	ㄒㄧㄥˊ
以	yǐ	ㄧˇ
後	hòu	ㄏㄡˋ
當	dāng	ㄉㄤ
然	rán	ㄖㄢˊ
矯	jiǎo	ㄐㄧㄠˇ
正	zhèng	ㄓㄥˋ
多	duō	ㄉㄨㄛ
蒙	méng	ㄇㄥˊ
指	zhǐ	ㄓˇ
教	jiào	ㄐㄧㄠˋ
非	fēi	ㄈㄟ
常	cháng	ㄔㄤˊ
感	gǎn	ㄍㄢˇ
謝	xiè	ㄒㄧㄝˋ